Instituto de Pesquisa,Tamanho da Amostra,Margem de erro (pontos percentuais),Lula PT,Flávio PL,data_inicio_pesquisa,data_fim_pesquisa
Nexus/BTG,2000,2.0,0.46,0.45,2026-09-18,2026-09-20
Quaest,2004,2.0,0.41,0.42,2026-09-17,2026-09-20
Palver,5000,2.8,0.43,0.47,2026-09-15,2026-09-18
Datafolha,2002,2.0,0.46,0.44,2026-09-15,2026-09-16
Gerp,2400,2.0,0.43,0.5,2026-09-14,2026-09-16
PoderData/Aya,3000,1.8,0.44,0.46,2026-09-13,2026-09-16
AtlasIntel,5018,1.0,0.46799999999999997,0.47200000000000003,2026-09-11,2026-09-16
Futura/Apex,2000,2.2,0.43700000000000006,0.48100000000000004,2026-09-11,2026-09-15
DataTrends,2000,2.19,0.44,0.45,2026-09-12,2026-09-14
Nexus/BTG,2003,2.0,0.47,0.46,2026-09-11,2026-09-13
Indexa,2000,2.2,0.43,0.42,2026-09-10,2026-09-13
Quaest,2004,2.0,0.4,0.42,2026-09-10,2026-09-13
CNT/MDA,2002,2.2,0.473,0.4,2026-09-09,2026-09-13
DataFolha,2002,2.0,0.46,0.44,2026-09-08,2026-09-11
Apex/Futura,2000,2.2,0.45,0.45399999999999996,2026-09-04,2026-09-10
PoderData/Aya,3000,1.8,0.45,0.47,2026-09-06,2026-09-09
AtlasIntel,5000,1.0,0.462,0.46399999999999997,2026-09-04,2026-09-09
Gerp,2400,2.0,0.4,0.47,2026-09-03,2026-09-08
Palver,5000,3.0,0.44,0.46,2026-09-04,2026-09-07
Meio/Ideia,1500,2.5,0.46,0.46,2026-09-04,2026-09-07
Nexus/BTG Pactual,2002,2.0,0.45,0.46,2026-09-04,2026-09-07
Quaest,2004,2.0,0.41,0.41,2026-09-03,2026-09-06
Veritá,3804,2.0,0.431,0.485,2026-09-01,2026-09-04
Datafolha,2002,2.0,0.46,0.44,2026-09-01,2026-09-02
PoderData/Aya,3000,1.8,0.45,0.46,2026-08-30,2026-09-02
Quaest,2004,2.0,0.42,0.41,2026-08-30,2026-09-01
Apex/Futura,2000,2.2,0.456,0.452,2026-08-27,2026-09-01
Real Time Big Data,2000,2.0,0.44,0.44,2026-08-27,2026-08-31
Nexus/BTG Pactual,2005,2.0,0.46,0.45,2026-08-28,2026-08-30
AtlasIntel,5014,2.0,0.47100000000000003,0.426,2026-08-25,2026-08-30
Vox Brasil,2100,2.15,0.445,0.451,2026-08-25,2026-08-27
PoderData/Aya,2400,2.0,0.45,0.44,2026-08-23,2026-08-26
Gerp,2400,2.0,0.42,0.47,2026-08-21,2026-08-25
Nexus/BTG Pactual,2006,2.0,0.46,0.45,2026-08-21,2026-08-23
Indexa/Broadcast,2000,2.2,0.46,0.41,2026-08-20,2026-08-23
Datafolha,2058,2.0,0.47,0.43,2026-08-18,2026-08-20
Veritá,3840,2.0,0.42,0.473,2026-08-16,2026-08-20
Nexus/BTG Pactual,2003,2.0,0.47,0.44,2026-08-14,2026-08-16
Genial/Quaest,2004,2.0,0.43,0.4,2026-08-10,2026-08-13
PoderData/Aya,2400,2.0,0.46,0.45,2026-08-09,2026-08-12
Gerp,2400,2.0,0.43,0.45,2026-08-06,2026-08-10
Nexus/BTG Pactual,2001,2.0,0.47,0.44,2026-08-07,2026-08-09
CNT/MDA,2002,2.2,0.48,0.391,2026-08-05,2026-08-09
Apex/Futura,2000,2.2,0.465,0.44,2026-08-03,2026-08-07
Palver,5000,3.0,0.46,0.46,2026-08-03,2026-08-07
Meio/Ideia,1500,2.5,0.485,0.43,2026-07-31,2026-08-03
Genial/Quaest,2004,2.0,0.44,0.39,2026-07-31,2026-08-03
Nexus/BTG Pactual,2002,2.0,0.46,0.45,2026-07-31,2026-08-02
Vox Brasil,2100,2.15,0.475,0.41100000000000003,2026-07-26,2026-07-28
PoderData/Aya,2400,2.0,0.46,0.43,2026-07-26,2026-07-28
Alfa/TMC,2700,1.8,0.48,0.41,2026-07-23,2026-07-28
AtlasIntel,5021,1.0,0.49200000000000005,0.429,2026-07-22,2026-07-27
Nexus/BTG,2004,2.0,0.47,0.43,2026-07-24,2026-07-26
Datafolha,2004,2.0,0.48,0.43,2026-07-22,2026-07-24
Real Time Big Data,2000,2.0,0.45,0.42,2026-07-18,2026-07-20
Indexa,2000,2.2,0.46,0.39,2026-07-16,2026-07-19
Gerp,2000,2.19,0.45,0.46,2026-07-15,2026-07-17
PoderData/Aya,2400,2.0,0.45,0.43,2026-07-12,2026-07-15
Quaest,2004,2.0,0.45,0.37,2026-07-10,2026-07-13
Nexus/BTG Pactual,2003,2.0,0.47,0.44,2026-07-10,2026-07-12
Apex/Futura,2000,2.2,0.46299999999999997,0.461,2026-07-07,2026-07-11
Gerp,2000,2.2,0.42,0.45,2026-07-03,2026-07-07
Meio/Ideia,2000,2.5,0.45,0.4,2026-07-03,2026-07-06
Atlasinstel,4999,1.0,0.488,0.423,2026-06-26,2026-06-30
Nexus/BTG,2009,2.0,0.47,0.44,2026-06-26,2026-06-28
Vox Brasil,2100,2.15,0.45299999999999996,0.428,2026-06-23,2026-06-25
PoderData/Aya,2400,2.0,0.46,0.43,2026-06-21,2026-06-24
Gerp,2000,2.19,0.4,0.42,2026-06-15,2026-06-20
Indexa,2000,2.2,0.47,0.4,2026-06-18,2026-06-20
Datafolha,2004,2.0,0.47,0.43,2026-06-17,2026-06-19
American Analytics,2000,2.2,0.45,0.4,2026-06-11,2026-06-15
CNT/MDA,2002,2.2,0.493,0.368,2026-06-10,2026-06-14
Nexus/BTG,2017,2.0,0.49,0.43,2026-06-12,2026-06-14
Apex/Futura,2000,2.2,0.48100000000000004,0.429,2026-06-08,2026-06-12
Alfa Inteligência,1400,2.6,0.44,0.41,2026-06-05,2026-06-10
Quaest,2004,2.0,0.44,0.38,2026-06-05,2026-06-08
Vox Brasil,2100,2.15,0.478,0.413,2026-06-01,2026-06-06
Gerp,2000,2.24,0.391,0.447,2026-06-02,2026-06-05
Real Time Big Data,2000,2.0,0.45,0.4,2026-05-29,2026-05-30
PoderData/Aya,2400,2.0,0.46,0.42,2026-05-25,2026-05-28
Meio/Ideia,1500,2.5,0.465,0.414,2026-05-23,2026-05-27
Veritá,3330,2.0,0.46799999999999997,0.532,2026-05-22,2026-05-26
Indexa,2000,2.2,0.46,0.41,2026-05-22,2026-05-24
Nexus/BTG,2045,2.0,0.47,0.43,2026-05-22,2026-05-24
Datafolha,2004,2.0,0.47,0.43,2026-05-20,2026-05-21
Gerp,2000,2.2,0.44,0.47,2026-05-18,2026-05-21
Apex/Futura,2000,2.2,0.47700000000000004,0.42200000000000004,2026-05-15,2026-05-20
Vox Brasil,2100,2.15,0.46799999999999997,0.381,2026-05-17,2026-05-19
Vetor/Arrow,9000,1.0,0.507,0.38299999999999995,2026-05-15,2026-05-18
AtlasIntel,5032,1.0,0.489,0.418,2026-05-13,2026-05-18
Datafolha,2004,2.0,0.45,0.45,2026-05-12,2026-05-14
Vox,2100,2.15,0.402,0.43799999999999994,2026-05-09,2026-05-12
Gerp,2000,2.24,0.43,0.5,2026-05-08,2026-05-12
Genial/Quaest,2004,2.0,0.42,0.41,2026-05-08,2026-05-11
Apex/Futura,2000,2.2,0.444,0.469,2026-05-04,2026-05-08
Meio/Ideia,1500,2.5,0.447,0.45299999999999996,2026-05-01,2026-05-05
Real Time Big Data,2000,2.0,0.43,0.44,2026-05-02,2026-05-04
AtlasIntel,5008,1.0,0.475,0.478,2026-04-22,2026-04-27
Nexus/BTG,2028,2.0,0.46,0.45,2026-04-24,2026-04-26
Genial/Quaest,2004,2.0,0.4,0.42,2026-04-09,2026-04-13
CNT/MDA,2002,2.2,0.449,0.402,2026-04-08,2026-04-12
Apex/Futura,2000,2.2,0.426,0.48,2026-04-07,2026-04-11
Datafolha,2004,2.0,0.45,0.46,2026-04-07,2026-04-09
Veritá,40500,1.0,0.384,0.428,2026-03-13,2026-04-04
Meio/Ideia,1500,2.5,0.455,0.45799999999999996,2026-03-03,2026-04-07
Nexus/BTG,2000,2.0,0.46,0.46,2026-03-27,2026-03-29
Paraná Pesquisas,2080,2.2,0.441,0.452,2026-03-25,2026-03-28
Gerp,2000,2.24,0.45,0.48,2026-03-20,2026-03-25
AtlasIntel,5028,1.0,0.466,0.47600000000000003,2026-03-18,2026-03-23
Alfa Inteligência,1000,3.1,0.41,0.38,2026-03-06,2026-03-11
Genial/Quaest,2004,2.0,0.41,0.41,2026-03-06,2026-03-09
Apex/Futura,2000,2.2,0.405,0.488,2026-03-02,2026-03-06
Meio/Ideia,1500,2.5,0.47,0.45,2026-03-06,2026-03-10
Datafolha,2004,2.0,0.46,0.43,2026-03-03,2026-03-05
Vetor/Arrow,9000,1.3,0.40399999999999997,0.49,2026-02-27,2026-03-02
Real Time Big Data,2000,2.0,0.42,0.41,2026-02-28,2026-03-02
Paraná Pesquisas,2080,2.2,0.43799999999999994,0.444,2026-02-22,2026-02-25
AtlasIntel,4986,1.0,0.462,0.46299999999999997,2026-02-19,2026-02-24
Genial/Quaest,2004,2.0,0.43,0.38,2026-02-05,2026-02-09
Apex/Futura,2000,2.2,0.424,0.48200000000000004,2026-02-03,2026-02-07
Gerp,2000,2.24,0.45,0.45,2026-01-28,2026-02-02
Meio/Ideia,1500,2.5,0.45799999999999996,0.41100000000000003,2026-01-30,2026-02-02
Paraná Pesquisas,2080,2.2,0.44799999999999995,0.42200000000000004,2026-01-25,2026-01-28
Apex/Futura,2000,2.2,0.419,0.48100000000000004,2026-01-15,2026-01-19
AtlasIntel,5418,1.0,0.49,0.45,2026-01-15,2026-01-20
Genial/Quaest,2004,2.0,0.45,0.38,2026-01-08,2026-01-11
Meio/Ideia,2000,2.2,0.462,0.36,2026-01-08,2026-01-12
